node_1,node_2,weight
0,199,1.144
0,2,0.761
0,198,1.994
0,3,0.927
0,4,0.585
0,196,1.364
0,195,0.526
0,162,2.601
0,137,0.837
1,3,1.916
1,199,2.287
1,4,2.922
1,198,3.566
1,5,0.774
1,197,2.259
1,6,2.242
1,196,1.224
1,24,0.697
1,43,0.596
1,101,0.594
2,3,1.223
2,4,0.856
2,199,1.430
2,6,0.318
2,198,0.599
2,197,1.186
2,183,0.788
2,171,1.679
2,195,1.275
3,4,2.060
3,5,0.745
3,6,1.082
3,7,2.184
3,8,0.886
3,198,0.372
3,115,1.611
4,5,0.514
4,8,1.448
4,9,0.542
4,199,0.523
4,147,0.389
4,25,1.618
4,187,1.001
5,6,0.591
5,7,1.129
5,8,1.712
5,9,1.750
5,10,0.825
5,162,0.467
6,7,1.333
6,8,0.950
6,9,0.912
6,10,1.147
6,11,0.664
6,40,0.886
7,9,0.631
7,10,0.690
7,11,0.721
7,12,0.334
7,48,0.474
8,9,0.733
8,10,2.606
8,11,0.887
8,12,1.431
8,13,0.513
9,10,0.873
9,11,1.938
9,12,0.870
9,14,1.575
9,46,0.589
9,127,0.903
10,12,0.679
10,13,1.051
10,15,1.484
10,33,0.983
10,99,0.906
11,12,0.358
11,13,0.929
11,14,1.205
11,15,0.629
11,16,1.171
11,182,0.366
12,14,1.018
12,15,0.615
12,16,1.318
12,170,0.753
12,193,1.630
12,42,1.264
12,121,0.833
12,139,1.390
13,14,0.374
13,15,0.665
13,16,1.260
13,17,0.497
13,18,0.475
14,15,0.599
14,16,0.864
14,18,2.893
14,19,1.533
14,57,0.436
15,16,0.581
15,17,1.294
15,18,1.188
15,20,0.892
15,177,0.905
16,17,1.192
16,18,1.661
16,20,0.933
16,21,2.313
16,180,2.130
16,37,0.683
17,18,1.610
17,19,0.768
17,22,0.792
17,72,1.492
17,95,1.355
17,112,0.250
18,19,0.948
18,20,1.434
18,21,0.303
18,22,1.842
18,23,1.249
19,20,1.811
19,21,0.520
19,22,1.369
19,23,1.228
19,24,0.774
19,27,0.452
20,21,1.138
20,22,2.000
20,141,0.871
20,66,1.260
20,55,0.315
20,80,1.345
20,98,0.738
20,111,0.877
21,22,0.545
21,23,2.687
21,24,0.660
21,26,0.854
21,84,1.314
21,90,0.933
22,23,0.774
22,24,1.400
22,26,0.446
22,27,1.208
22,198,3.344
22,130,1.234
23,24,0.632
23,25,0.804
23,26,0.387
23,28,0.993
23,60,2.800
23,93,0.524
23,55,1.018
24,25,0.813
24,26,4.000
24,27,2.595
24,28,1.519
24,107,1.993
24,78,0.968
25,26,0.518
25,27,1.689
25,29,1.179
25,30,0.572
25,74,0.729
25,172,1.045
25,54,0.437
26,27,1.231
26,29,0.826
26,30,0.905
26,31,0.453
26,128,1.298
27,28,0.567
27,29,0.739
27,32,1.116
27,47,0.713
28,29,0.940
28,30,0.618
28,31,0.898
28,32,0.965
28,33,1.126
29,30,0.795
29,31,0.528
29,32,0.505
29,33,0.668
29,170,1.487
30,33,4.000
30,34,0.775
30,35,1.911
30,188,1.791
30,57,0.344
30,193,1.080
31,32,2.242
31,33,0.450
31,34,1.302
31,35,0.577
31,36,2.047
31,130,1.246
31,139,1.620
32,33,2.287
32,34,1.505
32,35,0.898
32,36,1.009
32,37,2.110
32,97,1.414
33,34,0.323
33,35,1.072
33,36,0.798
33,38,0.250
33,137,1.610
34,35,0.918
34,36,0.889
34,37,1.499
34,38,0.261
34,39,0.284
34,97,1.300
35,36,0.956
35,37,1.662
35,38,0.959
35,40,0.611
35,116,1.298
35,96,1.157
35,58,1.052
36,37,1.414
36,38,1.300
36,40,0.766
36,164,0.719
36,78,1.153
36,136,0.684
37,39,0.947
37,40,2.575
37,41,0.796
37,171,0.688
37,189,1.045
37,114,1.238
38,39,1.980
38,40,2.283
38,42,0.950
38,120,2.218
38,51,1.661
38,196,0.338
39,40,1.089
39,41,1.885
39,42,1.425
39,43,1.040
39,44,0.679
39,144,1.340
40,41,0.705
40,42,1.197
40,44,1.133
40,45,0.421
41,42,1.420
41,44,2.063
41,45,0.856
41,46,4.000
41,161,0.634
41,96,1.725
41,103,0.796
41,77,1.809
42,43,2.307
42,45,0.994
42,46,0.466
42,143,0.800
42,77,2.109
43,44,1.249
43,46,0.923
43,47,1.615
43,48,1.247
43,117,0.991
44,45,0.806
44,46,3.091
44,47,0.592
44,48,1.930
44,49,0.940
44,186,0.830
45,46,1.071
45,47,0.630
45,48,1.908
45,49,1.361
45,50,1.900
45,79,0.824
46,47,1.145
46,48,0.488
46,49,1.056
46,50,0.960
46,51,1.868
46,158,1.516
47,48,0.274
47,49,1.082
47,51,2.247
47,78,0.366
47,108,0.295
47,102,1.042
48,51,0.747
48,53,0.989
48,121,1.057
48,124,1.113
48,152,0.940
49,50,0.379
49,51,1.092
49,52,2.189
49,53,1.614
49,54,2.367
49,101,2.457
49,146,0.416
50,54,1.921
50,55,1.879
50,96,1.046
50,133,1.427
50,93,1.189
51,53,0.393
51,54,0.609
51,56,2.595
51,145,0.847
51,161,2.358
52,53,1.509
52,54,0.355
52,55,1.881
52,56,0.732
52,57,0.490
53,54,1.350
53,55,2.510
53,56,0.535
53,57,0.732
53,58,0.561
54,55,0.702
54,56,1.256
54,57,0.631
54,58,0.979
54,59,1.173
55,56,0.612
55,57,1.987
55,58,0.968
55,59,0.367
56,57,1.169
56,58,1.405
56,59,1.824
56,60,2.532
56,195,3.500
57,58,1.221
57,59,0.876
57,60,1.272
57,61,0.465
57,62,0.703
58,59,3.685
58,60,1.400
58,61,1.521
58,62,1.806
59,60,3.130
59,61,0.842
59,62,0.546
59,63,0.878
59,79,1.479
59,87,0.617
60,61,1.981
60,64,0.755
60,65,0.729
60,184,0.695
61,62,0.533
61,64,1.871
61,66,2.064
61,114,1.310
61,155,0.915
61,183,0.983
62,63,0.803
62,64,4.000
62,65,0.801
62,66,0.716
62,67,1.826
62,85,1.535
63,64,1.098
63,65,1.430
63,66,0.445
63,68,0.703
63,161,1.681
63,126,0.680
63,116,0.752
64,66,1.169
64,67,0.694
64,69,1.618
64,155,1.557
64,191,1.714
64,199,0.475
64,72,1.038
64,92,0.967
65,66,1.411
65,67,0.364
65,68,0.568
65,69,1.321
65,70,1.054
66,67,1.117
66,68,3.645
66,70,1.852
66,71,1.304
66,99,0.942
66,145,0.757
67,68,0.916
67,69,0.814
67,70,0.869
67,71,1.941
67,72,1.205
68,69,0.833
68,70,0.662
68,71,1.157
68,72,1.098
68,73,1.210
69,70,0.591
69,71,1.437
69,72,2.176
69,73,1.148
69,74,0.765
69,176,1.319
70,71,2.236
70,72,0.897
70,73,1.138
70,74,1.344
70,75,0.892
70,155,0.644
70,188,1.830
71,72,0.429
71,73,1.253
71,74,1.346
71,75,0.928
71,76,1.312
72,73,0.912
72,74,1.388
72,75,1.180
72,76,0.781
73,74,0.729
73,76,0.709
73,77,0.610
73,78,1.469
73,134,1.182
74,75,1.404
74,77,0.435
74,78,1.942
74,105,1.537
75,76,1.193
75,77,0.867
75,78,0.797
75,79,0.527
75,147,0.476
75,194,1.802
76,77,3.271
76,78,1.476
76,79,0.660
76,80,1.496
76,81,1.195
77,78,1.663
77,79,2.718
77,80,0.530
77,81,1.182
78,79,2.376
78,82,1.152
78,173,0.482
78,186,0.774
79,80,0.427
79,83,0.722
79,161,2.389
79,143,1.012
80,81,1.279
80,82,1.972
80,83,2.315
80,85,0.725
80,131,0.596
81,82,1.005
81,84,0.655
81,85,0.887
81,86,0.598
81,135,0.707
81,186,0.684
81,171,2.168
82,83,1.265
82,84,1.849
82,85,0.686
82,86,0.594
82,87,0.777
82,138,1.820
82,140,0.572
83,84,2.449
83,86,3.281
83,87,1.447
83,88,1.270
83,147,0.815
83,164,0.681
84,85,2.276
84,86,0.741
84,88,0.518
84,110,1.335
84,127,0.870
84,137,1.418
85,86,0.905
85,87,1.244
85,88,0.929
85,107,1.530
86,87,1.048
86,88,1.731
86,89,1.649
86,90,0.951
86,91,0.790
86,101,1.391
86,110,0.518
87,88,2.209
87,89,1.590
87,90,1.407
87,92,0.333
87,121,0.620
87,131,0.864
87,144,0.429
88,89,0.886
88,90,1.970
88,91,0.619
88,92,2.784
88,93,0.314
88,94,0.952
89,90,0.587
89,91,2.015
89,92,1.575
89,94,0.597
89,145,0.821
90,91,0.693
90,92,0.956
90,93,2.580
90,104,0.753
90,132,0.841
90,143,0.657
91,92,1.185
91,93,1.051
91,94,0.823
91,95,1.515
91,96,1.806
92,93,2.631
92,95,0.848
92,96,1.262
92,126,0.896
93,94,1.934
93,96,0.945
93,97,3.798
93,142,1.056
93,157,1.344
93,108,0.540
94,95,1.676
94,96,0.571
94,98,1.835
94,99,2.428
95,96,0.970
95,97,1.096
95,98,1.262
95,99,1.723
95,100,1.065
96,97,0.632
96,99,0.799
96,100,0.864
96,101,1.715
97,98,0.331
97,101,0.523
97,102,0.424
97,178,0.815
98,99,1.174
98,100,0.601
98,101,1.160
98,102,0.760
98,103,0.766
99,101,1.559
99,102,0.784
99,104,0.738
99,173,0.991
100,101,1.836
100,102,1.970
100,103,1.615
100,104,0.857
100,105,1.442
101,102,3.159
101,106,1.758
102,103,0.639
102,104,0.533
102,105,1.134
102,106,0.568
102,107,1.111
103,104,0.863
103,108,0.301
103,115,2.084
103,144,0.491
104,105,0.676
104,107,0.562
104,108,0.525
104,109,1.056
104,155,0.671
105,106,1.003
105,107,1.709
105,109,1.878
105,110,1.410
105,184,1.371
106,107,1.844
106,109,0.804
106,110,0.995
106,111,0.921
106,178,1.282
107,109,0.895
107,110,0.492
107,111,0.534
107,112,0.757
108,110,0.726
108,111,0.747
108,112,0.585
108,113,0.753
108,144,0.620
109,110,1.113
109,111,1.640
109,112,1.028
109,113,2.338
109,186,0.864
109,148,0.960
110,111,1.316
110,112,1.254
110,113,0.574
110,115,2.482
110,186,0.810
111,112,1.086
111,113,1.056
111,114,1.017
111,115,1.213
112,113,2.095
112,114,1.523
112,115,0.561
112,116,1.000
113,115,0.598
113,116,0.955
113,117,1.230
113,118,0.657
113,157,1.380
113,127,0.407
114,115,1.110
114,116,0.359
114,117,0.683
114,118,2.771
114,119,0.483
115,116,3.295
115,117,1.301
115,124,1.100
115,185,1.377
116,117,1.459
116,119,1.193
116,121,0.516
116,196,0.346
117,118,0.687
117,119,1.268
117,120,0.650
117,121,0.613
118,119,1.036
118,120,0.794
118,121,2.508
118,122,1.554
118,123,1.137
119,120,0.582
119,121,0.764
119,122,0.392
119,123,0.767
119,124,0.784
119,125,1.308
120,121,0.758
120,123,1.362
120,124,0.929
120,125,0.976
121,123,1.722
121,124,1.239
121,126,1.302
122,123,0.479
122,125,1.084
122,127,0.487
122,166,1.256
122,128,1.954
123,124,0.259
123,126,1.980
123,127,0.621
123,128,1.162
123,156,1.604
124,125,1.549
124,126,0.825
124,127,1.084
124,128,0.963
124,129,0.646
125,127,0.949
125,128,0.325
125,129,1.887
125,130,1.342
126,127,1.890
126,128,0.707
126,129,0.801
126,130,0.744
126,131,0.509
127,129,1.214
127,130,0.595
127,131,0.836
128,130,0.817
128,131,1.745
128,132,1.149
128,133,0.665
128,165,1.809
129,130,0.838
129,131,0.942
129,132,1.219
129,133,0.379
129,134,0.844
130,133,0.401
130,134,0.401
130,146,1.012
131,133,0.612
131,135,1.022
131,176,0.513
132,133,0.455
132,135,1.704
132,137,1.023
132,141,0.460
132,150,2.848
133,134,0.586
133,135,1.733
133,136,0.520
133,137,0.689
133,138,1.268
134,135,2.123
134,136,0.691
134,137,1.393
134,138,1.249
134,139,0.519
135,137,1.105
135,138,0.526
135,139,1.432
135,140,1.186
136,137,0.695
136,139,1.270
136,140,1.653
136,141,1.365
136,150,0.887
136,169,0.430
137,138,0.340
137,140,1.378
137,141,1.326
137,167,0.785
137,173,0.371
138,141,0.686
138,142,1.231
138,143,0.861
138,139,1.486
139,140,0.911
139,141,0.622
139,142,0.847
139,144,0.526
140,141,4.000
140,142,1.064
140,143,0.737
140,145,1.299
141,142,0.512
141,143,2.156
141,144,0.291
141,145,1.616
141,146,0.862
142,143,0.541
142,144,1.245
142,145,0.785
142,146,0.835
142,147,1.024
142,186,0.836
143,144,1.861
143,146,0.831
143,147,0.735
144,145,1.137
144,147,0.613
144,148,0.506
144,149,0.998
145,146,1.265
145,147,1.300
145,148,0.328
145,149,0.876
146,147,1.117
146,148,1.961
146,149,0.592
146,150,0.421
147,149,0.731
147,151,1.507
147,152,0.970
147,185,2.333
147,181,0.541
148,149,1.501
148,150,0.856
148,151,0.816
148,152,3.131
148,153,2.782
149,150,1.310
149,151,0.775
149,152,0.538
149,153,0.749
149,154,1.549
150,151,0.445
150,152,0.976
150,153,2.371
150,180,1.393
150,191,1.396
151,152,0.364
151,153,0.522
151,154,1.528
151,155,0.692
151,166,0.521
152,153,2.037
152,154,0.986
152,155,2.081
152,156,1.648
152,157,0.359
153,154,2.665
153,155,1.726
153,156,1.392
153,157,0.754
153,158,0.778
154,155,0.586
154,156,1.091
154,157,0.501
154,158,0.385
154,159,0.764
155,156,0.726
155,157,1.085
155,159,0.878
155,160,0.691
156,157,0.482
156,158,0.866
156,159,0.587
156,160,0.529
156,161,1.116
157,158,0.587
157,160,1.885
157,161,1.784
157,162,0.785
158,159,0.663
158,160,0.525
158,161,0.980
158,162,0.677
159,160,1.635
159,161,0.434
159,162,1.211
159,163,1.464
159,172,2.212
159,184,1.419
160,161,0.527
160,162,0.843
160,163,1.181
160,164,1.692
160,165,1.343
161,164,0.827
161,165,1.217
161,166,0.281
162,163,1.101
162,164,1.259
162,167,1.156
162,183,0.682
163,164,2.163
163,165,1.021
163,166,1.196
163,167,0.919
163,168,1.867
164,166,1.001
164,167,0.612
164,168,0.948
164,169,0.970
164,170,0.825
165,166,0.783
165,167,1.392
165,168,2.550
165,169,1.221
165,170,0.694
166,167,3.894
166,168,0.654
166,169,0.437
166,170,0.936
166,171,1.144
167,169,1.153
167,170,1.275
167,171,3.472
167,172,1.540
168,169,0.739
168,170,1.075
168,171,1.265
168,172,1.134
168,173,2.344
169,170,2.737
169,171,0.609
169,172,0.595
169,173,0.377
170,171,1.018
170,172,0.574
170,173,0.443
170,175,1.673
170,197,0.989
171,172,0.727
171,174,0.518
171,176,1.010
171,184,1.347
172,173,1.872
172,176,1.416
172,177,0.632
173,174,0.562
173,175,2.658
173,176,1.054
173,177,1.619
173,178,1.577
174,175,3.499
174,176,0.930
174,177,1.704
174,178,0.270
174,179,1.136
175,176,1.719
175,177,0.693
175,178,0.705
175,179,0.527
175,180,0.639
176,177,0.570
176,178,0.762
176,179,1.206
176,180,1.487
177,178,1.585
177,179,3.199
177,180,2.143
177,181,0.977
177,182,0.689
178,179,0.884
178,182,1.021
178,183,1.920
178,196,1.880
179,180,2.262
179,181,0.890
179,182,0.867
179,183,1.042
179,184,0.919
180,182,0.280
180,183,0.696
180,184,1.129
180,185,0.628
181,182,1.642
181,183,1.228
181,185,1.183
181,186,1.755
182,183,1.215
182,185,0.285
182,186,0.593
182,187,0.543
183,184,0.483
183,186,0.975
183,188,0.446
184,185,0.919
184,186,0.519
184,187,1.275
184,188,0.250
184,189,1.317
185,186,1.029
185,188,1.288
185,189,1.758
185,190,0.572
186,188,3.515
187,188,1.787
187,189,0.816
187,190,0.795
187,191,1.134
188,189,1.583
188,190,3.259
188,192,1.239
188,193,1.035
189,191,1.394
189,192,2.338
189,193,0.482
189,194,1.207
190,191,2.201
190,192,0.670
190,193,0.575
190,194,1.739
190,195,1.275
191,192,0.765
191,193,0.427
191,194,1.164
191,195,0.693
192,193,1.058
192,194,2.151
192,195,1.201
192,196,2.002
192,197,0.501
193,195,0.894
193,196,0.498
193,197,1.294
194,195,1.929
194,196,1.105
194,197,1.284
194,198,1.489
194,199,1.082
195,196,0.936
195,197,0.999
195,198,0.846
195,199,0.415
196,197,1.313
196,199,1.009
197,198,1.573
197,199,0.958
198,199,2.126
